company_id,company_name,phone,email,country,website
b-2222,Ac Fermentum Incorporated,06 85 56 52 33,donec.porttitor.tellus@yahoo.net,Germany,https://instagram.com/site
b-2226,Magna A Neque Industries,04 14 44 64 62,risus.donec.nibh@icloud.org,Australia,https://whatsapp.com/group/9
b-2230,Fusce Corp.,08 14 97 58 85,risus@protonmail.edu,United States,https://pinterest.com/sub/cars
b-2234,Convallis In Incorporated,06 66 57 29 50,mauris.ut@aol.couk,Germany,https://cnn.com/user/110
b-2238,Ante Iaculis Nec Foundation,08 23 04 99 53,sed.dictum.proin@outlook.ca,New Zealand,https://netflix.com/settings
b-2242,Donec Ltd,01 25 51 37 37,at.iaculis@hotmail.couk,Norway,https://nytimes.com/user/110
b-2246,Sed Nunc Ltd,02 62 64 73 48,nibh@yahoo.org,United Kingdom,https://cnn.com/one
b-2250,Amet Nulla Donec Corporation,07 15 25 14 74,mattis.integer.eu@protonmail.net,Italy,https://netflix.com/sub/cars
b-2254,Nascetur Ridiculus Mus Inc.,06 26 87 61 84,suspendisse.dui@icloud.net,United States,https://ebay.com/sub
b-2258,Vestibulum Lorem PC,02 02 87 33 40,aenean.massa.integer@aol.net,Belgium,https://pinterest.com/sub/cars
b-2262,Gravida Sagittis LLP,03 81 28 33 97,turpis.vitae@google.ca,Sweden,https://naver.com/site
b-2266,Mus Aenean Eget Foundation,06 25 15 52 43,mi.duis@hotmail.net,Sweden,https://instagram.com/group/9
b-2270,Dis Parturient Institute,05 36 29 78 74,purus@protonmail.org,Ireland,https://google.com/one
b-2274,Sed LLC,01 63 16 26 52,at@outlook.com,Belgium,https://reddit.com/fr
b-2278,Arcu LLP,06 46 04 41 45,dui@aol.ca,Norway,https://yahoo.com/sub
b-2282,Pretium Neque Corp.,07 77 48 55 28,eleifend.nec.malesuada@protonmail.couk,Australia,https://netflix.com/sub
b-2286,Fringilla LLC,08 29 15 93 57,gravida@protonmail.couk,New Zealand,https://reddit.com/user/110
b-2290,Quisque Libero LLC,01 45 48 71 11,sapien.molestie.orci@hotmail.couk,China,https://baidu.com/group/9
b-2294,Auctor Mauris Vel LLP,08 09 28 74 14,nec.tempus@icloud.couk,United States,https://instagram.com/fr
b-2298,Elit Etiam Laoreet Associates,07 69 74 17 45,ultrices@google.couk,Canada,https://yahoo.com/fr
b-2302,Nunc Interdum Incorporated,05 18 15 48 13,non@outlook.com,Germany,https://wikipedia.org/en-us
b-2306,Augue Foundation,06 88 43 15 63,mauris@yahoo.com,Germany,https://baidu.com/sub/cars
b-2310,Non Magna LLC,06 71 73 13 17,nisl.quisque.fringilla@hotmail.ca,United Kingdom,https://whatsapp.com/site
b-2314,A Institute,03 34 91 68 65,metus.aliquam@google.edu,Belgium,https://reddit.com/fr
b-2318,Quam A Felis Industries,04 87 10 27 16,proin.velit@icloud.edu,Italy,https://ebay.com/settings
b-2322,Integer Mollis Corp.,03 12 20 45 24,eu.eros@protonmail.ca,Italy,https://netflix.com/group/9
b-2326,Enim Condimentum Ltd,09 55 51 66 25,imperdiet.non.vestibulum@yahoo.net,United Kingdom,https://cnn.com/group/9
b-2330,Donec Fringilla PC,01 51 58 14 44,ut.tincidunt@hotmail.ca,France,https://google.com/fr
b-2334,Amet Institute,06 33 40 21 33,nullam.lobortis.quam@outlook.net,Australia,https://nytimes.com/one
b-2338,Magna Incorporated,07 73 69 44 18,non@google.net,New Zealand,https://twitter.com/en-us
b-2342,Fringilla Porttitor Incorporated,06 30 30 97 81,ultrices.a.auctor@protonmail.couk,Sweden,https://wikipedia.org/settings
b-2346,Ut Semper Foundation,01 60 36 33 06,consectetuer@google.ca,Sweden,https://ebay.com/settings
b-2350,Aliquet Vel Vulputate Incorporated,04 40 43 84 18,suspendisse.commodo@outlook.couk,Netherlands,https://facebook.com/one
b-2354,Ac Libero Inc.,04 36 20 64 29,mollis.lectus@protonmail.ca,United Kingdom,https://reddit.com/one
b-2358,Ac Industries,09 34 65 40 60,ipsum@yahoo.com,Germany,https://bbc.co.uk/group/9
b-2362,Lorem Eu Incorporated,01 83 66 62 07,enim.gravida.sit@hotmail.net,Canada,https://baidu.com/en-ca
b-2366,Mauris Institute,05 29 60 36 87,morbi.vehicula@outlook.couk,Sweden,https://ebay.com/sub/cars
b-2370,Non Justo Corp.,09 30 54 14 44,urna.ut.tincidunt@yahoo.edu,Sweden,https://baidu.com/en-us
b-2374,Amet Faucibus Ut Foundation,03 21 62 47 12,malesuada@icloud.net,United Kingdom,https://zoom.us/fr
b-2378,Erat LLP,03 18 88 77 79,non.vestibulum@protonmail.net,Netherlands,https://ebay.com/fr
b-2382,Neque Tellus Incorporated,04 43 18 34 19,ultrices.iaculis.odio@aol.ca,Ireland,https://google.com/site
b-2386,Lacus Quisque Associates,06 26 86 55 77,convallis@yahoo.couk,United States,https://baidu.com/group/9
b-2390,Neque Tellus Imperdiet Corp.,09 15 42 22 11,vestibulum.ante.ipsum@aol.edu,Ireland,https://whatsapp.com/sub/cars
b-2394,Tortor Nunc Commodo Company,05 35 92 77 16,placerat.cras@hotmail.net,United States,https://zoom.us/settings
b-2398,Eget Ipsum Ltd,03 67 44 56 72,lacinia.at.iaculis@hotmail.net,United States,https://whatsapp.com/settings
b-2402,At Pede Corp.,06 14 48 33 15,ac.mi.eleifend@hotmail.edu,Italy,https://netflix.com/site
b-2406,Non Ante LLP,08 89 47 65 08,at.augue.id@aol.net,Sweden,https://nytimes.com/group/9
b-2410,Sed Id Limited,07 28 18 18 13,iaculis.enim@outlook.net,United States,https://netflix.com/sub/cars
b-2414,Netus Et Malesuada Ltd,02 55 43 68 46,et.ipsum.cursus@aol.edu,Netherlands,https://baidu.com/sub/cars
b-2418,Mauris Id Inc.,04 83 24 50 85,bibendum.sed.est@yahoo.net,Ireland,https://google.com/one
b-2422,Urna Convallis Associates,06 01 24 77 04,aliquam@yahoo.org,United States,https://cnn.com/sub/cars
b-2426,Pede Cum Ltd,07 62 26 48 38,lorem.ipsum.sodales@yahoo.ca,Norway,https://cnn.com/one
b-2430,Interdum Feugiat Sed Associates,04 88 40 32 52,consectetuer.mauris@yahoo.couk,United Kingdom,https://nytimes.com/sub
b-2434,Tristique Neque Venenatis Institute,04 34 85 12 85,ullamcorper.magna@hotmail.ca,Sweden,https://ebay.com/sub
b-2438,Nunc Ac PC,03 53 62 76 95,non.ante@google.com,Sweden,https://nytimes.com/fr
b-2442,Aliquam Erat Volutpat LLP,06 01 63 57 66,pede.nunc@icloud.net,Italy,https://instagram.com/fr
b-2446,Risus Associates,04 25 82 54 31,egestas.ligula.nullam@google.edu,Australia,https://whatsapp.com/group/9
b-2450,Turpis Company,09 69 48 65 52,cursus.integer@outlook.ca,Netherlands,https://instagram.com/sub
b-2454,Justo Eu Arcu Ltd,08 42 56 71 52,ac.facilisis@icloud.couk,Italy,https://nytimes.com/group/9
b-2458,Eget Tincidunt Dui Institute,05 35 93 32 44,eget.laoreet@hotmail.org,Netherlands,https://wikipedia.org/user/110
b-2462,Pede Ultrices Ltd,04 52 40 26 17,justo.proin@yahoo.com,Belgium,https://instagram.com/group/9
b-2466,Amet Lorem LLP,05 47 44 68 02,ultricies.adipiscing@icloud.edu,Spain,https://wikipedia.org/one
b-2470,Nec Luctus LLC,02 14 71 75 73,consectetuer.cursus@protonmail.couk,Norway,https://instagram.com/user/110
b-2474,Mauris Incorporated,06 84 33 15 97,nisi.mauris.nulla@hotmail.net,Norway,https://cnn.com/site
b-2478,Etiam Bibendum Fermentum Industries,07 46 69 45 02,sem.magna@icloud.ca,France,https://youtube.com/one
b-2482,Dui Cras Associates,08 12 73 87 84,tristique@yahoo.com,Italy,https://reddit.com/fr
b-2486,Tincidunt Orci Limited,01 78 18 81 44,velit.pellentesque@outlook.edu,Norway,https://nytimes.com/settings
b-2490,Nunc Sit Incorporated,07 28 42 63 63,pede.ultrices@icloud.net,Norway,https://naver.com/en-ca
b-2494,Malesuada PC,01 74 85 68 70,cras.lorem.lorem@outlook.com,Ireland,https://yahoo.com/fr
b-2498,Metus Vitae Associates,08 25 44 40 66,ad@protonmail.com,Australia,https://google.com/site
b-2502,Dolor Vitae Limited,06 53 60 43 60,purus.maecenas@yahoo.edu,France,https://whatsapp.com/user/110
b-2506,Sapien Nunc Pulvinar LLP,08 37 12 58 11,sit.amet@yahoo.net,New Zealand,https://netflix.com/settings
b-2510,Maecenas Malesuada Fringilla Inc.,09 38 53 76 61,id.ante@yahoo.ca,Netherlands,https://zoom.us/en-us
b-2514,Cras Consulting,07 50 10 85 63,sed.consequat@google.ca,Belgium,https://baidu.com/en-us
b-2518,Aliquet Sem Limited,03 75 57 02 01,sem.magna@yahoo.edu,Netherlands,https://cnn.com/group/9
b-2522,Viverra Donec Foundation,03 33 12 32 73,dictum.eu@outlook.net,United Kingdom,https://nytimes.com/site
b-2526,Amet Luctus Vulputate Foundation,03 18 54 24 19,nulla@outlook.com,Canada,https://netflix.com/en-ca
b-2530,Tincidunt Associates,09 82 63 76 61,neque.sed@hotmail.com,Ireland,https://netflix.com/site
b-2534,Mattis Foundation,06 74 03 95 74,sed@google.couk,Australia,https://netflix.com/site
b-2538,At Associates,09 56 61 10 65,tristique.neque@yahoo.couk,New Zealand,https://walmart.com/one
b-2542,Nunc In Foundation,03 79 81 18 92,ac.fermentum@protonmail.com,Italy,https://netflix.com/sub
b-2546,Lorem Ipsum Dolor Corp.,09 03 14 76 02,augue.id@icloud.net,Sweden,https://baidu.com/site
b-2550,Auctor Mauris Corp.,05 62 87 14 41,eget.metus@protonmail.ca,Germany,https://walmart.com/sub
b-2554,Cras Vehicula Aliquet Industries,03 37 86 87 75,arcu@hotmail.org,Netherlands,https://google.com/sub
b-2558,Nulla Integer Vulputate Corp.,04 57 50 84 48,interdum@protonmail.org,Sweden,https://yahoo.com/one
b-2562,Dictum Eu Corp.,03 04 73 67 31,donec.vitae@icloud.ca,Canada,https://netflix.com/en-ca
b-2566,Aliquam PC,01 45 73 52 16,scelerisque.mollis@icloud.org,Germany,https://yahoo.com/en-ca
b-2570,Aliquet Diam Limited,02 76 61 47 46,eu.eros.nam@icloud.org,United States,https://facebook.com/en-us
b-2574,Orci Adipiscing Limited,03 18 00 77 81,dolor.fusce@protonmail.ca,United Kingdom,https://reddit.com/user/110
b-2578,Dui Quis Institute,06 93 28 72 81,luctus.sit.amet@yahoo.couk,New Zealand,https://yahoo.com/en-us
b-2582,Nibh Phasellus Corporation,08 48 67 57 48,nisi@google.edu,China,https://netflix.com/sub/cars
b-2586,Tempor Diam Institute,05 01 94 80 87,cursus.in@yahoo.com,Netherlands,https://naver.com/settings
b-2590,Euismod Mauris Institute,02 13 69 54 85,vivamus.molestie@icloud.ca,Belgium,https://ebay.com/en-ca
b-2594,Et Magnis Ltd,03 53 76 11 76,dapibus.ligula@protonmail.net,Belgium,https://instagram.com/sub
b-2598,Aliquam Iaculis Lacus Corp.,04 43 07 91 26,dictum@aol.org,Belgium,https://pinterest.com/one
b-2602,Placerat LLP,05 43 67 24 41,tellus.suspendisse@hotmail.org,Netherlands,https://zoom.us/sub
b-2606,Sed Est Corp.,04 58 02 37 91,tempor.bibendum@google.couk,Canada,https://instagram.com/sub/cars
b-2610,Egestas Nunc Sed Limited,06 01 02 70 47,vitae@hotmail.edu,Italy,https://walmart.com/one
b-2614,Rutrum Non Inc.,02 66 31 61 09,neque@protonmail.net,Germany,https://netflix.com/site
b-2618,Non Institute,06 77 15 31 14,amet.metus@protonmail.couk,United Kingdom,https://guardian.co.uk/settings
